Employee ID,Employee Name,Employee Email,Employee Phone Number,Position,Department
8893,Shannon Curtis,iallen@gmail.com,apa,Photographer,"Hansen, Nichols and Perez"
2006,Michelle Clayton,smithshelley@gmail.com,85632109876,Electronics engineer,Powell LLC
,Michael Stevenson MD,gutierrezvictor@higgins.info,87843215678,Fine artist,Macias LLC
2596,Elizabeth Young,batesjames@gmail.com,,Retail merchandiser,"Buck, Casey and Nelson"
2784,Penny Rose,ballmegan@becker-knight.com,81354679852,Health physicist,"Ward, Evans and Chen"
3281,Austin Fernandez,kellyatkinson@reynolds.com,,Architect,"Alexander, Curry and Baldwin"
5598,Joseph Johnson,ronaldkelley@hotmail.com,85723416589,Writer,"Harris, Jones and Nelson"
7024,Vincent White,jasondawson@gonzales.com,88810234567,Chiropodist,Murray PLC
,Dana Atkinson,eadams@edwards.com,89143562790,Chiropodist,"Mcgee, Williamson and Davis"
6626,Jasmine Sutton DDS,charles66@hotmail.com,ini,Arts administrator,Leon-Mcmillan
3319,Diana Wallace,patrick49@yahoo.com,82598764321,Clinical research associate,Roach-Oconnor
8383,Heather Martinez,christophercruz@hotmail.com,85832107654,Sports development officer,"Ruiz, Williams and Garcia"
1670,Kyle Meyers,pedroconner@holmes.com,,Land,Bradford Ltd
5907,Robert Long,rcook@hotmail.com,8929875432,Dietitian,Smith-Tucker
6273,Stephanie Rivera,trivera@reynolds.net,8152347689,Child psychotherapist,Green-Richardson
,Logan Anderson,susan03@miller.net,8265439876,Chiropractor,Payne LLC
1253,Richard Gonzalez,juan81@clark-bridges.biz,85987654321,"Designer, jewellery",Chung-Le
2024,Michael Scott,duncanleah@rodriguez.biz,iya,"Engineer, agricultural",Howell-Ryan
5610,David George,joel43@hayes.com,,Product/process development scientist,Ward LLC
9463,Charles Henson,harrellchelsea@cunningham.biz,81676543215,"Pharmacist, community",Cox and Sons
